Id,revenue
3001,8119246.5
3002,5528901.0
3003,22708858.0
3004,35636140.0
3005,5528901.0
3006,24843882.0
3007,5528901.0
3008,80673820.0
3009,34496308.0
3010,295111520.0
3011,5528901.0
3012,4768777.0
3013,31442434.0
3014,4768777.0
3015,37846780.0
3016,4768777.0
3017,87888190.0
3018,168795420.0
3019,11448618.0
3020,900074800.0
3021,90958140.0
3022,61406250.0
3023,10900382.0
3024,45204120.0
3025,5528901.0
3026,100310760.0
3027,9799696.0
3028,107169170.0
3029,4768777.0
3030,78781660.0
3031,29599416.0
3032,10035916.0
3033,4768777.0
3034,5528901.0
3035,16767280.0
3036,28127688.0
3037,68416400.0
3038,72380550.0
3039,25363296.0
3040,5625404.5
3041,33264978.0
3042,5528901.0
3043,11212398.0
3044,16224320.0
3045,434570880.0
3046,5528901.0
3047,16120620.0
3048,40523560.0
3049,22708858.0
3050,39869160.0
3051,5528901.0
3052,34310210.0
3053,5528901.0
3054,10035916.0
3055,63467790.0
3056,4768777.0
3057,107236000.0
3058,506963650.0
3059,10035916.0
3060,82851940.0
3061,80042780.0
3062,60038944.0
3063,56046516.0
3064,115280170.0
3065,39501264.0
3066,109582180.0
3067,15651236.0
3068,54308396.0
3069,223610690.0
3070,8357178.5
3071,30639282.0
3072,895716350.0
3073,8357178.5
3074,5528901.0
3075,54853336.0
3076,192442140.0
3077,34278664.0
3078,97405700.0
3079,84396410.0
3080,103915250.0
3081,38795510.0
3082,22708858.0
3083,15894992.0
3084,8119246.5
3085,33719476.0
3086,105456856.0
3087,4768777.0
3088,5528901.0
3089,4768777.0
3090,48910596.0
3091,33719988.0
3092,19896064.0
3093,280425730.0
3094,114675010.0
3095,57327376.0
3096,8357178.5
3097,886435400.0
3098,32638266.0
3099,103867864.0
3100,20935786.0
3101,27067390.0
3102,17786254.0
3103,5528901.0
3104,8357178.5
3105,110616430.0
3106,142283170.0
3107,36620000.0
3108,25580638.0
3109,19896064.0
3110,447450880.0
3111,12112746.0
3112,4768777.0
3113,29041918.0
3114,43484076.0
3115,43736284.0
3116,12635918.0
3117,4768777.0
3118,15651236.0
3119,276852580.0
3120,240590580.0
3121,4768777.0
3122,17786254.0
3123,58277584.0
3124,11040342.0
3125,4768777.0
3126,53352160.0
3127,16767280.0
3128,58654130.0
3129,205777570.0
3130,16224320.0
3131,10280218.0
3132,20284660.0
3133,10035916.0
3134,23917858.0
3135,5528901.0
3136,13396042.0
3137,182320830.0
3138,5528901.0
3139,47416664.0
3140,86464430.0
3141,15134870.0
3142,4768777.0
3143,181081860.0
3144,27961556.0
3145,38457040.0
3146,10796040.0
3147,30369002.0
3148,24843882.0
3149,72750990.0
3150,96544980.0
3151,10280218.0
3152,30176800.0
3153,28753538.0
3154,22007714.0
3155,45149836.0
3156,-14179608.0
3157,38457040.0
3158,114982510.0
3159,17026130.0
3160,26452906.0
3161,4768777.0
3162,28839292.0
3163,53914268.0
3164,5528901.0
3165,4768777.0
3166,8357178.5
3167,74103090.0
3168,4768777.0
3169,46578896.0
3170,25129278.0
3171,33737550.0
3172,45413292.0
3173,4768777.0
3174,4768777.0
3175,15747740.0
3176,43507012.0
3177,97089770.0
3178,4768777.0
3179,9206568.0
3180,24843882.0
3181,8357178.5
3182,342468500.0
3183,26527320.0
3184,25580638.0
3185,116195080.0
3186,40906290.0
3187,17786254.0
3188,25266794.0
3189,95571920.0
3190,45033796.0
3191,34278664.0
3192,8119246.5
3193,301788030.0
3194,97405700.0
3195,4768777.0
3196,14891112.0
3197,52036756.0
3198,138742240.0
3199,229254080.0
3200,18723270.0
3201,31399406.0
3202,22764744.0
3203,8357178.5
3204,4768777.0
3205,8357178.5
3206,40256500.0
3207,73580184.0
3208,25109376.0
3209,10796040.0
3210,441870900.0
3211,8357178.5
3212,82747070.0
3213,163624910.0
3214,10796040.0
3215,4768777.0
3216,14808744.0
3217,388046900.0
3218,5528901.0
3219,5528901.0
3220,253250960.0
3221,20935786.0
3222,8357178.5
3223,24843882.0
3224,5528901.0
3225,16767280.0
3226,22708858.0
3227,106326140.0
3228,253531660.0
3229,131042180.0
3230,33628090.0
3231,49057936.0
3232,36709572.0
3233,20044876.0
3234,17026130.0
3235,33737550.0
3236,8357178.5
3237,40166540.0
3238,14048620.0
3239,4768777.0
3240,373382500.0
3241,8357178.5
3242,4768777.0
3243,5528901.0
3244,8357178.5
3245,28753538.0
3246,58613530.0
3247,40410270.0
3248,63467790.0
3249,54756030.0
3250,340718700.0
3251,8357178.5
3252,20935786.0
3253,58711724.0
3254,5528901.0
3255,8357178.5
3256,53053348.0
3257,31442434.0
3258,31399406.0
3259,48774140.0
3260,9039572.0
3261,565107140.0
3262,53497244.0
3263,5528901.0
3264,3695127.0
3265,5528901.0
3266,5528901.0
3267,60091644.0
3268,5528901.0
3269,55234412.0
3270,78781660.0
3271,15651236.0
3272,23071828.0
3273,24820514.0
3274,416995400.0
3275,34866550.0
3276,4768777.0
3277,18663178.0
3278,107005550.0
3279,60031576.0
3280,280264580.0
3281,5528901.0
3282,14488782.0
3283,443137630.0
3284,32975630.0
3285,65776424.0
3286,8357178.5
3287,12078318.0
3288,30823456.0
3289,60120464.0
3290,88014216.0
3291,49249280.0
3292,243004240.0
3293,85871096.0
3294,20418720.0
3295,34161064.0
3296,5528901.0
3297,17903054.0
3298,97405700.0
3299,5528901.0
3300,40146164.0
3301,4768777.0
3302,28753538.0
3303,15952484.0
3304,12635918.0
3305,53352160.0
3306,8357178.5
3307,76048830.0
3308,23071828.0
3309,6941601.5
3310,11249446.0
3311,5528901.0
3312,31399406.0
3313,90958140.0
3314,11004670.0
3315,102672840.0
3316,30176800.0
3317,12838442.0
3318,4768777.0
3319,23504294.0
3320,18907476.0
3321,16224320.0
3322,5528901.0
3323,114690110.0
3324,12112746.0
3325,96645576.0
3326,167010610.0
3327,79783930.0
3328,27961556.0
3329,12635918.0
3330,133475120.0
3331,24843882.0
3332,67784810.0
3333,409503360.0
3334,10035916.0
3335,58738340.0
3336,18907476.0
3337,5528901.0
3338,15894992.0
3339,4768777.0
3340,107005550.0
3341,28839292.0
3342,47241230.0
3343,74340300.0
3344,4768777.0
3345,15651236.0
3346,39960070.0
3347,5528901.0
3348,69870216.0
3349,89547480.0
3350,189657040.0
3351,74340300.0
3352,30590464.0
3353,101912720.0
3354,22183370.0
3355,4768777.0
3356,26316440.0
3357,4768777.0
3358,5528901.0
3359,44267136.0
3360,12417520.0
3361,213417710.0
3362,15547354.0
3363,26229122.0
3364,20158246.0
3365,5528901.0
3366,95800790.0
3367,153084640.0
3368,8357178.5
3369,71069510.0
3370,72380550.0
3371,60727190.0
3372,85071336.0
3373,76703450.0
3374,21695910.0
3375,102672840.0
3376,32443640.0
3377,15651236.0
3378,18663178.0
3379,189253170.0
3380,68229864.0
3381,12934946.0
3382,8357178.5
3383,4768777.0
3384,57880290.0
3385,120008450.0
3386,10035916.0
3387,25900106.0
3388,132610640.0
3389,907175550.0
3390,28131644.0
3391,35998772.0
3392,24843882.0
3393,12635918.0
3394,179417620.0
3395,122467270.0
3396,11040342.0
3397,5528901.0
3398,303686820.0
3399,101270610.0
3400,9799696.0
3401,5528901.0
3402,4768777.0
3403,139836400.0
3404,10280218.0
3405,32043382.0
3406,155438980.0
3407,200683340.0
3408,48301270.0
3409,15134870.0
3410,32443640.0
3411,102588440.0
3412,26887908.0
3413,72430216.0
3414,5528901.0
3415,35906420.0
3416,115671680.0
3417,81094630.0
3418,49040110.0
3419,213802940.0
3420,4768777.0
3421,28468616.0
3422,10035916.0
3423,524401730.0
3424,8357178.5
3425,5528901.0
3426,33737550.0
3427,34233132.0
3428,5528901.0
3429,40410270.0
3430,831092700.0
3431,5528901.0
3432,22708858.0
3433,38457604.0
3434,15125748.0
3435,302211800.0
3436,132392740.0
3437,4768777.0
3438,16224320.0
3439,97601896.0
3440,83486616.0
3441,102672840.0
3442,8357178.5
3443,8357178.5
3444,5715460.5
3445,85156530.0
3446,8357178.5
3447,10280218.0
3448,65769348.0
3449,10280218.0
3450,76813300.0
3451,53505308.0
3452,35117460.0
3453,58711724.0
3454,57906104.0
3455,5528901.0
3456,113066680.0
3457,39764804.0
3458,33018880.0
3459,852971840.0
3460,45149836.0
3461,14891112.0
3462,19350588.0
3463,84570220.0
3464,4768777.0
3465,51799900.0
3466,48176788.0
3467,8357178.5
3468,103735800.0
3469,24843882.0
3470,8357178.5
3471,31442434.0
3472,9799696.0
3473,61479840.0
3474,50416964.0
3475,235092530.0
3476,8357178.5
3477,53813470.0
3478,11660506.0
3479,230793650.0
3480,11040342.0
3481,5528901.0
3482,4768777.0
3483,9512742.0
3484,4768777.0
3485,119362940.0
3486,140604780.0
3487,75474010.0
3488,305914300.0
3489,8357178.5
3490,51527508.0
3491,14551016.0
3492,8119246.5
3493,45413292.0
3494,22708858.0
3495,92649256.0
3496,5528901.0
3497,86184420.0
3498,25900106.0
3499,17786254.0
3500,4768777.0
3501,127473420.0
3502,53448456.0
3503,35636140.0
3504,85565610.0
3505,14891112.0
3506,102904370.0
3507,192355470.0
3508,10035916.0
3509,20935786.0
3510,56190700.0
3511,72604530.0
3512,191519330.0
3513,22439076.0
3514,30820966.0
3515,12635918.0
3516,28753538.0
3517,769324900.0
3518,46507316.0
3519,17026130.0
3520,8357178.5
3521,5528901.0
3522,17026130.0
3523,35906420.0
3524,86862744.0
3525,124028750.0
3526,52796880.0
3527,24843882.0
3528,28721680.0
3529,631512700.0
3530,95643770.0
3531,72380550.0
3532,51632372.0
3533,30211470.0
3534,37857372.0
3535,189657040.0
3536,17903054.0
3537,107997200.0
3538,71540664.0
3539,56048604.0
3540,31173612.0
3541,21199720.0
3542,49870224.0
3543,8119246.5
3544,33297298.0
3545,9039572.0
3546,13817462.0
3547,158326960.0
3548,468384400.0
3549,5528901.0
3550,403847260.0
3551,119141190.0
3552,53034020.0
3553,120659860.0
3554,148740850.0
3555,122359570.0
3556,95089144.0
3557,13396042.0
3558,158326960.0
3559,58297172.0
3560,9512742.0
3561,114180710.0
3562,15311140.0
3563,12838442.0
3564,8357178.5
3565,10035916.0
3566,56190700.0
3567,24349252.0
3568,9303862.0
3569,150400420.0
3570,4768777.0
3571,63133420.0
3572,184267340.0
3573,8357178.5
3574,25195520.0
3575,18147352.0
3576,32399356.0
3577,5528901.0
3578,63181940.0
3579,33422658.0
3580,34497676.0
3581,53790170.0
3582,103851060.0
3583,8357178.5
3584,33294470.0
3585,79597950.0
3586,32167004.0
3587,24286254.0
3588,12635918.0
3589,18732936.0
3590,45332060.0
3591,349977020.0
3592,4768777.0
3593,8357178.5
3594,33400942.0
3595,20805000.0
3596,38740136.0
3597,5528901.0
3598,71694450.0
3599,18485336.0
3600,8357178.5
3601,4768777.0
3602,8357178.5
3603,17026130.0
3604,5528901.0
3605,40047228.0
3606,21695910.0
3607,57880290.0
3608,149687520.0
3609,2214154.2
3610,46173416.0
3611,8119246.5
3612,11040342.0
3613,26963050.0
3614,110719040.0
3615,49249280.0
3616,18105572.0
3617,28753538.0
3618,77584790.0
3619,5528901.0
3620,132770740.0
3621,416474180.0
3622,378357800.0
3623,109422970.0
3624,8357178.5
3625,13913160.0
3626,34496308.0
3627,58711724.0
3628,473865060.0
3629,12635918.0
3630,4768777.0
3631,127343496.0
3632,20158246.0
3633,83496850.0
3634,8357178.5
3635,5528901.0
3636,31683514.0
3637,10796040.0
3638,25580638.0
3639,149274510.0
3640,460466600.0
3641,38457040.0
3642,14471510.0
3643,25580638.0
3644,19171494.0
3645,30211470.0
3646,37911144.0
3647,67047140.0
3648,10035916.0
3649,15651236.0
3650,46748770.0
3651,426585800.0
3652,16767280.0
3653,150756700.0
3654,16120620.0
3655,42085540.0
3656,21882468.0
3657,4768777.0
3658,5528901.0
3659,88669384.0
3660,339773820.0
3661,28034978.0
3662,50453860.0
3663,348253150.0
3664,4768777.0
3665,4768777.0
3666,5715460.5
3667,109035990.0
3668,49534264.0
3669,12635918.0
3670,50767136.0
3671,26187454.0
3672,4768777.0
3673,169848080.0
3674,30369002.0
3675,363493250.0
3676,77584790.0
3677,20935786.0
3678,35038788.0
3679,53865590.0
3680,18663178.0
3681,30590464.0
3682,199053600.0
3683,8357178.5
3684,109582180.0
3685,128709780.0
3686,28753538.0
3687,163141310.0
3688,5528901.0
3689,4768777.0
3690,77584790.0
3691,9039572.0
3692,10845210.0
3693,93069464.0
3694,109168400.0
3695,102777200.0
3696,24843882.0
3697,41240188.0
3698,63323900.0
3699,30639282.0
3700,20676018.0
3701,73172536.0
3702,5528901.0
3703,106653730.0
3704,80752776.0
3705,31549958.0
3706,85438984.0
3707,5528901.0
3708,10081296.0
3709,404502940.0
3710,31399406.0
3711,5528901.0
3712,33473008.0
3713,46006770.0
3714,5528901.0
3715,35038788.0
3716,16224320.0
3717,8357178.5
3718,14488782.0
3719,58905732.0
3720,8119246.5
3721,5528901.0
3722,78781660.0
3723,5528901.0
3724,24634418.0
3725,21695910.0
3726,22183370.0
3727,137668600.0
3728,136977310.0
3729,15651236.0
3730,78781660.0
3731,150438220.0
3732,4768777.0
3733,167598000.0
3734,372749100.0
3735,21457576.0
3736,18411370.0
3737,22864506.0
3738,8357178.5
3739,12635918.0
3740,52389684.0
3741,25900106.0
3742,101104376.0
3743,26527320.0
3744,141284500.0
3745,76930650.0
3746,151381340.0
3747,4768777.0
3748,24634418.0
3749,3695127.0
3750,10796040.0
3751,30123124.0
3752,5528901.0
3753,14891112.0
3754,45202036.0
3755,80471930.0
3756,35906420.0
3757,346893000.0
3758,107169170.0
3759,8357178.5
3760,165974500.0
3761,87810410.0
3762,273327140.0
3763,51774496.0
3764,40146164.0
3765,6941601.5
3766,22007714.0
3767,20535680.0
3768,15547354.0
3769,8119246.5
3770,21695910.0
3771,55234412.0
3772,20376598.0
3773,44595360.0
3774,21790858.0
3775,186995820.0
3776,102672840.0
3777,8357178.5
3778,4768777.0
3779,28753538.0
3780,4768777.0
3781,29374256.0
3782,10796040.0
3783,70582190.0
3784,4768777.0
3785,335412200.0
3786,15651236.0
3787,210357260.0
3788,610853760.0
3789,39989860.0
3790,5528901.0
3791,18723270.0
3792,5528901.0
3793,4768777.0
3794,13396042.0
3795,473876160.0
3796,17337722.0
3797,41870508.0
3798,43716210.0
3799,16767280.0
3800,5528901.0
3801,95583160.0
3802,4768777.0
3803,5528901.0
3804,8357178.5
3805,11605334.0
3806,75351610.0
3807,12668544.0
3808,5528901.0
3809,41632396.0
3810,17026130.0
3811,28753538.0
3812,19896064.0
3813,4768777.0
3814,5528901.0
3815,148361000.0
3816,108721460.0
3817,276039170.0
3818,96645576.0
3819,83710744.0
3820,105623690.0
3821,131062800.0
3822,45866572.0
3823,23071828.0
3824,9039572.0
3825,24843882.0
3826,108955250.0
3827,137016020.0
3828,14891112.0
3829,4768777.0
3830,49925876.0
3831,4768777.0
3832,235089400.0
3833,70479624.0
3834,26202926.0
3835,3695127.0
3836,16224320.0
3837,37710770.0
3838,90309624.0
3839,20935786.0
3840,46776188.0
3841,21695910.0
3842,28753538.0
3843,45413292.0
3844,8357178.5
3845,4768777.0
3846,5528901.0
3847,5528901.0
3848,10280218.0
3849,100344260.0
3850,35636140.0
3851,47416664.0
3852,13396042.0
3853,86595510.0
3854,4768777.0
3855,8357178.5
3856,20918370.0
3857,694813000.0
3858,4768777.0
3859,15651236.0
3860,32867968.0
3861,35636140.0
3862,21695910.0
3863,96645576.0
3864,139014690.0
3865,92687090.0
3866,14342726.0
3867,105349290.0
3868,21695910.0
3869,95826830.0
3870,115080850.0
3871,707176500.0
3872,17026130.0
3873,45149836.0
3874,8357178.5
3875,80917270.0
3876,3695127.0
3877,76190130.0
3878,100356290.0
3879,415682430.0
3880,28721680.0
3881,5528901.0
3882,4768777.0
3883,8357178.5
3884,159614160.0
3885,21162132.0
3886,42314056.0
3887,15952484.0
3888,10035916.0
3889,115412860.0
3890,105225544.0
3891,5528901.0
3892,12078318.0
3893,424862720.0
3894,101912720.0
3895,41240188.0
3896,58200664.0
3897,5528901.0
3898,33473008.0
3899,651073200.0
3900,59037708.0
3901,8357178.5
3902,8357178.5
3903,12838442.0
3904,14306710.0
3905,34590416.0
3906,97157770.0
3907,10035916.0
3908,10796040.0
3909,4768777.0
3910,22708858.0
3911,5528901.0
3912,16224320.0
3913,115080850.0
3914,43615740.0
3915,194924200.0
3916,8357178.5
3917,13817462.0
3918,13396042.0
3919,100738920.0
3920,34093164.0
3921,5528901.0
3922,29960450.0
3923,42314056.0
3924,35038788.0
3925,210357260.0
3926,5528901.0
3927,97288260.0
3928,118212400.0
3929,41390184.0
3930,5625404.5
3931,18723270.0
3932,15651236.0
3933,29416676.0
3934,100035860.0
3935,8357178.5
3936,10035916.0
3937,187352080.0
3938,16224320.0
3939,29416676.0
3940,8357178.5
3941,39586588.0
3942,211458770.0
3943,928255500.0
3944,26187454.0
3945,52298710.0
3946,8357178.5
3947,57127016.0
3948,12417520.0
3949,11040342.0
3950,14365624.0
3951,24353682.0
3952,49916996.0
3953,82677624.0
3954,402462140.0
3955,23053394.0
3956,76824670.0
3957,14891112.0
3958,15125748.0
3959,12635918.0
3960,5528901.0
3961,54314110.0
3962,14891112.0
3963,30369002.0
3964,891832100.0
3965,127343496.0
3966,57880290.0
3967,394141630.0
3968,56053404.0
3969,23504294.0
3970,26527320.0
3971,16224320.0
3972,28904226.0
3973,50767136.0
3974,8357178.5
3975,122079390.0
3976,75751016.0
3977,123535680.0
3978,174172540.0
3979,22864506.0
3980,5528901.0
3981,8357178.5
3982,17026130.0
3983,37914956.0
3984,243032320.0
3985,17786254.0
3986,942048060.0
3987,67337384.0
3988,17903054.0
3989,35038788.0
3990,52967584.0
3991,5274153.5
3992,8357178.5
3993,23071828.0
3994,58200664.0
3995,36823480.0
3996,67047140.0
3997,18147352.0
3998,77584790.0
3999,17786254.0
4000,84570220.0
4001,10796040.0
4002,192659570.0
4003,5528901.0
4004,64636850.0
4005,10035916.0
4006,44267136.0
4007,4768777.0
4008,17693870.0
4009,38186760.0
4010,10035916.0
4011,20934066.0
4012,194203250.0
4013,64636850.0
4014,5528901.0
4015,64550860.0
4016,33422658.0
4017,15894992.0
4018,84048810.0
4019,371279650.0
4020,18493950.0
4021,67971464.0
4022,43900656.0
4023,194723100.0
4024,38457040.0
4025,4768777.0
4026,56877950.0
4027,79530296.0
4028,4768777.0
4029,4768777.0
4030,25580638.0
4031,110183090.0
4032,4768777.0
4033,4768777.0
4034,4768777.0
4035,84351656.0
4036,6475584.5
4037,28904226.0
4038,5528901.0
4039,12838442.0
4040,10035916.0
4041,10035916.0
4042,46369400.0
4043,10035916.0
4044,109582180.0
4045,145174480.0
4046,28753538.0
4047,560591170.0
4048,28753538.0
4049,8357178.5
4050,4768777.0
4051,467997020.0
4052,25580638.0
4053,8357178.5
4054,4768777.0
4055,20044876.0
4056,24634418.0
4057,10796040.0
4058,59037708.0
4059,4768777.0
4060,66137700.0
4061,145552180.0
4062,40146164.0
4063,20935786.0
4064,404067840.0
4065,117645650.0
4066,10280218.0
4067,37537736.0
4068,15651236.0
4069,37991788.0
4070,36657050.0
4071,13630684.0
4072,16767280.0
4073,125194400.0
4074,8357178.5
4075,29565634.0
4076,43846804.0
4077,405270140.0
4078,8357178.5
4079,100344260.0
4080,8119246.5
4081,5528901.0
4082,244995780.0
4083,58674936.0
4084,8357178.5
4085,22783614.0
4086,110855600.0
4087,33825230.0
4088,55194344.0
4089,25580638.0
4090,5528901.0
4091,102672840.0
4092,40128084.0
4093,40146164.0
4094,30038224.0
4095,203419890.0
4096,30639282.0
4097,57147428.0
4098,20805000.0
4099,3695127.0
4100,78847330.0
4101,34310210.0
4102,17903054.0
4103,60727190.0
4104,14891112.0
4105,8357178.5
4106,5528901.0
4107,8357178.5
4108,34093164.0
4109,4768777.0
4110,42052908.0
4111,10035916.0
4112,25580638.0
4113,6941601.5
4114,315848160.0
4115,13396042.0
4116,20805000.0
4117,5528901.0
4118,55613460.0
4119,71994890.0
4120,5528901.0
4121,8962266.0
4122,158326960.0
4123,8119246.5
4124,40906290.0
4125,18241574.0
4126,20805000.0
4127,5528901.0
4128,5528901.0
4129,5528901.0
4130,15125748.0
4131,193779490.0
4132,102672840.0
4133,57596988.0
4134,19527642.0
4135,27961556.0
4136,556539500.0
4137,14342726.0
4138,51324760.0
4139,5528901.0
4140,14433612.0
4141,24843882.0
4142,54518270.0
4143,53234316.0
4144,8357178.5
4145,54318464.0
4146,4768777.0
4147,4768777.0
4148,44742276.0
4149,4768777.0
4150,8357178.5
4151,10796040.0
4152,34784504.0
4153,66480930.0
4154,5528901.0
4155,27133374.0
4156,19896064.0
4157,9799696.0
4158,20805000.0
4159,64636850.0
4160,394678620.0
4161,44124020.0
4162,30369002.0
4163,105494710.0
4164,18907476.0
4165,4768777.0
4166,15651236.0
4167,227063060.0
4168,17786254.0
4169,5625404.5
4170,11136846.0
4171,109002940.0
4172,82677624.0
4173,12838442.0
4174,14891112.0
4175,10035916.0
4176,47501204.0
4177,4768777.0
4178,402735550.0
4179,10280218.0
4180,173889140.0
4181,53644836.0
4182,10035916.0
4183,64636850.0
4184,51400012.0
4185,11562270.0
4186,15024182.0
4187,21497820.0
4188,28721680.0
4189,5528901.0
4190,5528901.0
4191,5528901.0
4192,4768777.0
4193,275519070.0
4194,125494570.0
4195,30174040.0
4196,20158246.0
4197,30306220.0
4198,10796040.0
4199,8357178.5
4200,92649256.0
4201,68070180.0
4202,107096940.0
4203,25109376.0
4204,100412380.0
4205,12668544.0
4206,38494372.0
4207,367400900.0
4208,640912900.0
4209,63181940.0
4210,116526870.0
4211,30176800.0
4212,472415800.0
4213,12635918.0
4214,43615740.0
4215,4768777.0
4216,4768777.0
4217,10035916.0
4218,35256430.0
4219,21751682.0
4220,24764844.0
4221,4768777.0
4222,5528901.0
4223,97405700.0
4224,4768777.0
4225,35474584.0
4226,-4346704.0
4227,31399406.0
4228,5528901.0
4229,102498530.0
4230,47428770.0
4231,16224320.0
4232,42215636.0
4233,71137250.0
4234,76306640.0
4235,34497676.0
4236,8357178.5
4237,23395344.0
4238,74107880.0
4239,147851340.0
4240,366110100.0
4241,319364770.0
4242,11040342.0
4243,8357178.5
4244,84543470.0
4245,4768777.0
4246,4768777.0
4247,67784810.0
4248,11040342.0
4249,76830100.0
4250,34496308.0
4251,5528901.0
4252,150745550.0
4253,114001890.0
4254,58711724.0
4255,74104760.0
4256,302827740.0
4257,155438980.0
4258,31549958.0
4259,4768777.0
4260,154058140.0
4261,27708492.0
4262,30590464.0
4263,13396042.0
4264,415824130.0
4265,46125292.0
4266,30512316.0
4267,36448640.0
4268,19896064.0
4269,12838442.0
4270,545894500.0
4271,95558264.0
4272,5528901.0
4273,16089574.0
4274,45909960.0
4275,20158246.0
4276,30766022.0
4277,258300350.0
4278,11226900.0
4279,55860236.0
4280,8357178.5
4281,4768777.0
4282,58521290.0
4283,5528901.0
4284,16688312.0
4285,4768777.0
4286,637847900.0
4287,30211470.0
4288,48301270.0
4289,82851940.0
4290,84145310.0
4291,10035916.0
4292,4768777.0
4293,22767838.0
4294,137743250.0
4295,127343496.0
4296,55613460.0
4297,70727464.0
4298,8357178.5
4299,34885144.0
4300,89162680.0
4301,16767280.0
4302,30590464.0
4303,15651236.0
4304,28468616.0
4305,65732560.0
4306,32229480.0
4307,4768777.0
4308,5528901.0
4309,60727190.0
4310,10900382.0
4311,4768777.0
4312,46856644.0
4313,308148450.0
4314,4768777.0
4315,129180230.0
4316,312532260.0
4317,4768777.0
4318,42000310.0
4319,5528901.0
4320,30639282.0
4321,69271144.0
4322,12627972.0
4323,14306710.0
4324,28753538.0
4325,8357178.5
4326,15125748.0
4327,298147800.0
4328,21695910.0
4329,10796040.0
4330,602367500.0
4331,28252884.0
4332,71137250.0
4333,8357178.5
4334,123348776.0
4335,84510180.0
4336,40906290.0
4337,4768777.0
4338,215998180.0
4339,100839064.0
4340,31058960.0
4341,26243714.0
4342,13396042.0
4343,29416676.0
4344,8357178.5
4345,5528901.0
4346,58200664.0
4347,91334340.0
4348,5528901.0
4349,240111000.0
4350,10796040.0
4351,287298600.0
4352,14488782.0
4353,127855800.0
4354,38740136.0
4355,31129126.0
4356,17786254.0
4357,132849040.0
4358,14166792.0
4359,41145936.0
4360,71137250.0
4361,122359570.0
4362,10035916.0
4363,64550860.0
4364,78847330.0
4365,8357178.5
4366,45909960.0
4367,53107668.0
4368,106426344.0
4369,32043382.0
4370,89761270.0
4371,157311070.0
4372,27823144.0
4373,45365170.0
4374,56590096.0
4375,5528901.0
4376,5528901.0
4377,17569808.0
4378,46278744.0
4379,159840160.0
4380,74411624.0
4381,121606550.0
4382,404067840.0
4383,260086030.0
4384,26412942.0
4385,10035916.0
4386,132162260.0
4387,72380550.0
4388,44742276.0
4389,212490190.0
4390,10035916.0
4391,8357178.5
4392,133475120.0
4393,60345716.0
4394,40846508.0
4395,24843882.0
4396,75956840.0
4397,42517376.0
4398,168795420.0
4399,5528901.0
4400,14061218.0
4401,41555300.0
4402,30087654.0
4403,28583268.0
4404,51177090.0
4405,33012900.0
4406,4768777.0
4407,9039572.0
4408,4768777.0
4409,5528901.0
4410,12635918.0
4411,34093164.0
4412,95784856.0
4413,75171740.0
4414,19915894.0
4415,31495908.0
4416,4768777.0
4417,192286530.0
4418,10035916.0
4419,67337384.0
4420,500875260.0
4421,8357178.5
4422,22708858.0
4423,12078318.0
4424,5528901.0
4425,50599188.0
4426,113438480.0
4427,56343660.0
4428,11562270.0
4429,9799696.0
4430,4768777.0
4431,4768777.0
4432,195978600.0
4433,194814340.0
4434,426927600.0
4435,18970040.0
4436,31399406.0
4437,16767280.0
4438,8119246.5
4439,22183370.0
4440,11040342.0
4441,48176788.0
4442,8357178.5
4443,5528901.0
4444,12417520.0
4445,23633278.0
4446,5528901.0
4447,95892900.0
4448,40447292.0
4449,4768777.0
4450,129933840.0
4451,588864450.0
4452,32638266.0
4453,4768777.0
4454,5528901.0
4455,8357178.5
4456,105349290.0
4457,8357178.5
4458,10578136.0
4459,65732560.0
4460,21695910.0
4461,108171510.0
4462,81863960.0
4463,16224320.0
4464,77487440.0
4465,23071828.0
4466,4768777.0
4467,36709572.0
4468,4768777.0
4469,53790170.0
4470,39960070.0
4471,10578136.0
4472,127343496.0
4473,24286254.0
4474,21695910.0
4475,5528901.0
4476,10796040.0
4477,41606630.0
4478,8357178.5
4479,10280218.0
4480,88014216.0
4481,16767280.0
4482,24843882.0
4483,12838442.0
4484,4768777.0
4485,35256900.0
4486,39345950.0
4487,21038074.0
4488,94819180.0
4489,53226020.0
4490,8357178.5
4491,131536550.0
4492,25312016.0
4493,13817462.0
4494,15547354.0
4495,32638266.0
4496,31398398.0
4497,11040342.0
4498,46173416.0
4499,4768777.0
4500,109715370.0
4501,99861140.0
4502,16224320.0
4503,464424700.0
4504,10578136.0
4505,10280218.0
4506,102904370.0
4507,5528901.0
4508,15986386.0
4509,5528901.0
4510,41047220.0
4511,167067440.0
4512,10035916.0
4513,63133420.0
4514,16702052.0
4515,285313820.0
4516,11040342.0
4517,21788532.0
4518,231393820.0
4519,75171740.0
4520,15894992.0
4521,19171494.0
4522,87825030.0
4523,43982150.0
4524,5528901.0
4525,38457040.0
4526,10796040.0
4527,44742276.0
4528,10280218.0
4529,6181477.5
4530,22007714.0
4531,4768777.0
4532,12078318.0
4533,27708492.0
4534,16224320.0
4535,85267970.0
4536,13396042.0
4537,48160564.0
4538,37496610.0
4539,5528901.0
4540,78021544.0
4541,20044876.0
4542,124625336.0
4543,78021544.0
4544,8357178.5
4545,6941601.5
4546,5528901.0
4547,8357178.5
4548,32424852.0
4549,4768777.0
4550,27985552.0
4551,1003585500.0
4552,88014216.0
4553,20044876.0
4554,411338000.0
4555,8357178.5
4556,47963910.0
4557,28753538.0
4558,35636140.0
4559,66731420.0
4560,75171740.0
4561,51799900.0
4562,5528901.0
4563,315832160.0
4564,4245603.5
4565,8357178.5
4566,63269810.0
4567,102144250.0
4568,8357178.5
4569,27961556.0
4570,42096412.0
4571,12635918.0
4572,29946832.0
4573,48176788.0
4574,4768777.0
4575,4768777.0
4576,32638266.0
4577,11040342.0
4578,35256430.0
4579,15952484.0
4580,40128084.0
4581,20805000.0
4582,67546730.0
4583,146150500.0
4584,31399406.0
4585,127343496.0
4586,24843882.0
4587,22708858.0
4588,199111150.0
4589,15651236.0
4590,1140473500.0
4591,57951600.0
4592,6475584.5
4593,4768777.0
4594,25266794.0
4595,487123330.0
4596,377302600.0
4597,17026130.0
4598,131850520.0
4599,28753538.0
4600,5528901.0
4601,43487150.0
4602,45349004.0
4603,28121060.0
4604,24634418.0
4605,170188350.0
4606,148790990.0
4607,41170396.0
4608,20158246.0
4609,27944642.0
4610,181838000.0
4611,92537090.0
4612,42096412.0
4613,26316440.0
4614,36657050.0
4615,5528901.0
4616,5528901.0
4617,90958140.0
4618,12417520.0
4619,21695910.0
4620,8962266.0
4621,228877060.0
4622,38457040.0
4623,11040342.0
4624,8357178.5
4625,36396264.0
4626,17786254.0
4627,21782834.0
4628,20935786.0
4629,8357178.5
4630,27765644.0
4631,20901502.0
4632,6181477.5
4633,8357178.5
4634,10796040.0
4635,5528901.0
4636,87999680.0
4637,4768777.0
4638,15125748.0
4639,5528901.0
4640,52967584.0
4641,18663178.0
4642,12668544.0
4643,137016020.0
4644,8357178.5
4645,8962266.0
4646,1027321100.0
4647,5528901.0
4648,5528901.0
4649,93752584.0
4650,74340300.0
4651,76530420.0
4652,492508030.0
4653,4768777.0
4654,83830904.0
4655,103929816.0
4656,13817462.0
4657,29599416.0
4658,58197804.0
4659,10035916.0
4660,20935786.0
4661,22642592.0
4662,6941601.5
4663,43900656.0
4664,13073208.0
4665,33954744.0
4666,49123470.0
4667,182940220.0
4668,10900382.0
4669,17786254.0
4670,52929840.0
4671,23917858.0
4672,5528901.0
4673,17903054.0
4674,5528901.0
4675,17903054.0
4676,20676018.0
4677,5528901.0
4678,16224320.0
4679,5528901.0
4680,8357178.5
4681,43366044.0
4682,5528901.0
4683,10035916.0
4684,4768777.0
4685,48176788.0
4686,13396042.0
4687,24843882.0
4688,149606100.0
4689,20842746.0
4690,17786254.0
4691,42096412.0
4692,22708858.0
4693,19862138.0
4694,11448618.0
4695,49057936.0
4696,27827514.0
4697,94854104.0
4698,5528901.0
4699,20805000.0
4700,145390370.0
4701,190242900.0
4702,24349252.0
4703,38457040.0
4704,44742276.0
4705,58320476.0
4706,86595510.0
4707,20044876.0
4708,42468664.0
4709,4768777.0
4710,277385660.0
4711,31442434.0
4712,8357178.5
4713,216725920.0
4714,20044876.0
4715,4768777.0
4716,4768777.0
4717,26905786.0
4718,27532780.0
4719,125939120.0
4720,17786254.0
4721,12635918.0
4722,63876724.0
4723,8357178.5
4724,152405100.0
4725,27135300.0
4726,6475584.5
4727,15651236.0
4728,45441244.0
4729,97405700.0
4730,5528901.0
4731,46790100.0
4732,433572000.0
4733,5625404.5
4734,282833300.0
4735,40906290.0
4736,9206568.0
4737,40906290.0
4738,8119246.5
4739,99982776.0
4740,522237300.0
4741,8357178.5
4742,109582180.0
4743,5528901.0
4744,5528901.0
4745,388388640.0
4746,61673876.0
4747,26187454.0
4748,78021544.0
4749,20805000.0
4750,33737550.0
4751,71620430.0
4752,17026130.0
4753,4768777.0
4754,675881000.0
4755,17786254.0
4756,44267136.0
4757,170400540.0
4758,140410030.0
4759,554868100.0
4760,5528901.0
4761,13396042.0
4762,23624630.0
4763,8119246.5
4764,440652450.0
4765,26229122.0
4766,179222340.0
4767,52024250.0
4768,90958140.0
4769,46935404.0
4770,105266940.0
4771,150435700.0
4772,25580638.0
4773,20805000.0
4774,6181477.5
4775,8357178.5
4776,10035916.0
4777,268060030.0
4778,106653730.0
4779,16307478.0
4780,266828180.0
4781,4768777.0
4782,46776188.0
4783,16224320.0
4784,13396042.0
4785,38186760.0
4786,119108420.0
4787,83520216.0
4788,149396830.0
4789,5528901.0
4790,80438890.0
4791,39687170.0
4792,5528901.0
4793,25109376.0
4794,16872468.0
4795,38457040.0
4796,10035916.0
4797,848386200.0
4798,69143830.0
4799,43124500.0
4800,46397424.0
4801,4768777.0
4802,32043382.0
4803,4768777.0
4804,10280218.0
4805,5528901.0
4806,22708858.0
4807,5528901.0
4808,10280218.0
4809,131738250.0
4810,4768777.0
4811,6181477.5
4812,107857000.0
4813,86870680.0
4814,8357178.5
4815,42096412.0
4816,47840540.0
4817,10035916.0
4818,67337384.0
4819,10796040.0
4820,82998370.0
4821,10035916.0
4822,10845210.0
4823,21695910.0
4824,45149836.0
4825,91576936.0
4826,24843882.0
4827,84127976.0
4828,30094512.0
4829,43507012.0
4830,59585590.0
4831,38370548.0
4832,26072140.0
4833,11338716.0
4834,31399406.0
4835,45496524.0
4836,22708858.0
4837,231628510.0
4838,47267440.0
4839,8357178.5
4840,378783070.0
4841,4768777.0
4842,99996040.0
4843,132610640.0
4844,4768777.0
4845,24634418.0
4846,10035916.0
4847,488285440.0
4848,38256732.0
4849,214191800.0
4850,42052132.0
4851,8357178.5
4852,21695910.0
4853,130870800.0
4854,31955722.0
4855,77584790.0
4856,19896064.0
4857,27823144.0
4858,33988812.0
4859,30639282.0
4860,492043780.0
4861,132610640.0
4862,187881310.0
4863,192134020.0
4864,75235680.0
4865,39501264.0
4866,12838442.0
4867,106018140.0
4868,11040342.0
4869,4768777.0
4870,12838442.0
4871,48228020.0
4872,8357178.5
4873,12838442.0
4874,99996040.0
4875,29136066.0
4876,45492890.0
4877,48664256.0
4878,52389684.0
4879,35256430.0
4880,43407740.0
4881,5528901.0
4882,22311704.0
4883,31359536.0
4884,113705380.0
4885,28753538.0
4886,35526250.0
4887,4768777.0
4888,28753538.0
4889,8357178.5
4890,101220670.0
4891,10035916.0
4892,19527642.0
4893,68793080.0
4894,10796040.0
4895,10280218.0
4896,149469020.0
4897,12635918.0
4898,129580536.0
4899,183583070.0
4900,170400540.0
4901,52683790.0
4902,14891112.0
4903,12838442.0
4904,255981900.0
4905,42096412.0
4906,4768777.0
4907,918030460.0
4908,35256430.0
4909,79728350.0
4910,35038788.0
4911,25581100.0
4912,82446560.0
4913,12078318.0
4914,103307540.0
4915,75466920.0
4916,28904226.0
4917,13396042.0
4918,147329360.0
4919,38579676.0
4920,52967584.0
4921,109582180.0
4922,22183370.0
4923,15651236.0
4924,84280340.0
4925,121768200.0
4926,5528901.0
4927,46589556.0
4928,24820514.0
4929,45332060.0
4930,24843882.0
4931,27578844.0
4932,37172864.0
4933,108682936.0
4934,5528901.0
4935,590135900.0
4936,11040342.0
4937,5528901.0
4938,19862138.0
4939,8357178.5
4940,12838442.0
4941,66577260.0
4942,4768777.0
4943,75171740.0
4944,105580070.0
4945,5528901.0
4946,14891112.0
4947,5528901.0
4948,8357178.5
4949,45441244.0
4950,70776904.0
4951,38740136.0
4952,28583268.0
4953,98431144.0
4954,41887130.0
4955,3695127.0
4956,17026130.0
4957,45909960.0
4958,13396042.0
4959,25312016.0
4960,9799696.0
4961,127343496.0
4962,5528901.0
4963,50760016.0
4964,34497676.0
4965,10796040.0
4966,31371434.0
4967,60727190.0
4968,27961556.0
4969,5528901.0
4970,8357178.5
4971,89306504.0
4972,37151020.0
4973,33737550.0
4974,143977580.0
4975,16767280.0
4976,4768777.0
4977,77487440.0
4978,4768777.0
4979,21695910.0
4980,47416664.0
4981,20376598.0
4982,106426344.0
4983,4768777.0
4984,42044740.0
4985,319417660.0
4986,5528901.0
4987,10035916.0
4988,4768777.0
4989,24484528.0
4990,5528901.0
4991,20150518.0
4992,208060210.0
4993,24843882.0
4994,99996040.0
4995,4768777.0
4996,26245818.0
4997,64937910.0
4998,21219622.0
4999,78781660.0
5000,151417650.0
5001,198620460.0
5002,258213620.0
5003,37629136.0
5004,25556316.0
5005,36396264.0
5006,358222140.0
5007,34310210.0
5008,381397630.0
5009,46589556.0
5010,9799696.0
5011,17903054.0
5012,111480910.0
5013,45033796.0
5014,44076188.0
5015,34832772.0
5016,113642520.0
5017,38186760.0
5018,31399406.0
5019,78781660.0
5020,47504916.0
5021,11605334.0
5022,52374388.0
5023,-14179608.0
5024,117414540.0
5025,4768777.0
5026,145651600.0
5027,84570220.0
5028,74104760.0
5029,96544980.0
5030,31901986.0
5031,12627972.0
5032,185239700.0
5033,12627972.0
5034,25900106.0
5035,5528901.0
5036,30639282.0
5037,58711724.0
5038,303316350.0
5039,5528901.0
5040,75973690.0
5041,49999910.0
5042,37855972.0
5043,35256430.0
5044,193298220.0
5045,30639282.0
5046,4768777.0
5047,4768777.0
5048,8119246.5
5049,96645576.0
5050,4768777.0
5051,322051140.0
5052,131042180.0
5053,28721680.0
5054,78467320.0
5055,22293270.0
5056,5528901.0
5057,17786254.0
5058,22311704.0
5059,22954396.0
5060,123348776.0
5061,57880290.0
5062,5528901.0
5063,5528901.0
5064,77056490.0
5065,18147352.0
5066,34861260.0
5067,57358108.0
5068,30639282.0
5069,102777200.0
5070,30639282.0
5071,112504220.0
5072,82215030.0
5073,4768777.0
5074,6941601.5
5075,17903054.0
5076,40627910.0
5077,110183090.0
5078,8357178.5
5079,22355920.0
5080,115713800.0
5081,69719500.0
5082,15894992.0
5083,12635918.0
5084,29203432.0
5085,8357178.5
5086,8119246.5
5087,8357178.5
5088,3695127.0
5089,14891112.0
5090,15134870.0
5091,24820514.0
5092,49057936.0
5093,51527508.0
5094,69829680.0
5095,149394110.0
5096,21406432.0
5097,5528901.0
5098,10035916.0
5099,10035916.0
5100,15651236.0
5101,5528901.0
5102,11040342.0
5103,4768777.0
5104,51774496.0
5105,14891112.0
5106,4768777.0
5107,38457040.0
5108,43995830.0
5109,8357178.5
5110,40388990.0
5111,109413920.0
5112,28468616.0
5113,10578136.0
5114,32569434.0
5115,8357178.5
5116,5528901.0
5117,367150900.0
5118,75089220.0
5119,10796040.0
5120,8357178.5
5121,90958140.0
5122,32867968.0
5123,30975486.0
5124,16224320.0
5125,38140604.0
5126,32975630.0
5127,47840540.0
5128,4768777.0
5129,10035916.0
5130,72335700.0
5131,27708492.0
5132,40906290.0
5133,132449120.0
5134,118754616.0
5135,170686980.0
5136,12838442.0
5137,89761270.0
5138,26072140.0
5139,188468540.0
5140,150965900.0
5141,51283190.0
5142,187712400.0
5143,63147416.0
5144,68934664.0
5145,10280218.0
5146,4768777.0
5147,13396042.0
5148,36472932.0
5149,10796040.0
5150,411426980.0
5151,449232450.0
5152,98780880.0
5153,16767280.0
5154,39763436.0
5155,33495318.0
5156,689415550.0
5157,44571936.0
5158,13396042.0
5159,81372010.0
5160,22084086.0
5161,31129126.0
5162,102777200.0
5163,117452380.0
5164,10035916.0
5165,58711724.0
5166,127343496.0
5167,9039572.0
5168,22183370.0
5169,8357178.5
5170,40447292.0
5171,143262510.0
5172,12668544.0
5173,84805490.0
5174,125881860.0
5175,12635918.0
5176,10796040.0
5177,160933970.0
5178,732717200.0
5179,8357178.5
5180,16224320.0
5181,8357178.5
5182,46355120.0
5183,8357178.5
5184,21695910.0
5185,14488782.0
5186,17786254.0
5187,4768777.0
5188,10035916.0
5189,43982150.0
5190,295204500.0
5191,45332060.0
5192,121835064.0
5193,141596270.0
5194,49610940.0
5195,203972460.0
5196,69247820.0
5197,75254180.0
5198,58960788.0
5199,20535680.0
5200,33400942.0
5201,30480856.0
5202,10035916.0
5203,4768777.0
5204,4768777.0
5205,20044876.0
5206,24820514.0
5207,4768777.0
5208,31399406.0
5209,97405700.0
5210,28721680.0
5211,9206568.0
5212,20935786.0
5213,64937910.0
5214,5528901.0
5215,16976384.0
5216,71620430.0
5217,10796040.0
5218,16271802.0
5219,31399406.0
5220,86516780.0
5221,8357178.5
5222,6475584.5
5223,170781540.0
5224,4768777.0
5225,5528901.0
5226,64636850.0
5227,4768777.0
5228,27827684.0
5229,122359570.0
5230,8357178.5
5231,14891112.0
5232,4768777.0
5233,10035916.0
5234,79783930.0
5235,26749496.0
5236,165807440.0
5237,152224370.0
5238,28753538.0
5239,39339800.0
5240,69803830.0
5241,60662692.0
5242,79438184.0
5243,5528901.0
5244,97405700.0
5245,20935786.0
5246,39791640.0
5247,58711724.0
5248,4768777.0
5249,40906290.0
5250,190011300.0
5251,22708858.0
5252,5528901.0
5253,12627972.0
5254,4768777.0
5255,96456820.0
5256,68922300.0
5257,12838442.0
5258,11040342.0
5259,102498530.0
5260,16767280.0
5261,63876724.0
5262,20044876.0
5263,41145936.0
5264,8357178.5
5265,44571936.0
5266,30087654.0
5267,17306920.0
5268,5539525.0
5269,100839064.0
5270,80752776.0
5271,48993160.0
5272,103922370.0
5273,5528901.0
5274,52695896.0
5275,11040342.0
5276,17786254.0
5277,8357178.5
5278,45234376.0
5279,27578844.0
5280,5625404.5
5281,23071828.0
5282,24613046.0
5283,4768777.0
5284,6299649.0
5285,71694450.0
5286,12078318.0
5287,4768777.0
5288,10796040.0
5289,174879440.0
5290,137743250.0
5291,509025800.0
5292,124662550.0
5293,180475820.0
5294,4768777.0
5295,592985800.0
5296,10035916.0
5297,82091816.0
5298,140410030.0
5299,10035916.0
5300,4768777.0
5301,16224320.0
5302,81397940.0
5303,5528901.0
5304,26634844.0
5305,8357178.5
5306,74104760.0
5307,208532140.0
5308,8357178.5
5309,8357178.5
5310,102144250.0
5311,4768777.0
5312,127343496.0
5313,541538900.0
5314,78622420.0
5315,8357178.5
5316,29416676.0
5317,24843882.0
5318,8357178.5
5319,45332060.0
5320,22125526.0
5321,41240188.0
5322,8357178.5
5323,131868184.0
5324,29415298.0
5325,8357178.5
5326,25109376.0
5327,110855600.0
5328,31129126.0
5329,3695127.0
5330,138973820.0
5331,5625404.5
5332,8357178.5
5333,51527508.0
5334,38093492.0
5335,3695127.0
5336,25580638.0
5337,4768777.0
5338,45909960.0
5339,42942290.0
5340,16072432.0
5341,118212400.0
5342,165907440.0
5343,39144500.0
5344,132740570.0
5345,5528901.0
5346,142906340.0
5347,4768777.0
5348,35432024.0
5349,3695127.0
5350,4768777.0
5351,132804744.0
5352,10035916.0
5353,25312016.0
5354,64937910.0
5355,93668184.0
5356,19896064.0
5357,4768777.0
5358,105261544.0
5359,53030044.0
5360,102498530.0
5361,22708858.0
5362,4768777.0
5363,31683514.0
5364,5528901.0
5365,78781660.0
5366,123593540.0
5367,73580184.0
5368,21788532.0
5369,483220480.0
5370,73469010.0
5371,47416664.0
5372,610742660.0
5373,47840540.0
5374,123020910.0
5375,106105260.0
5376,134500560.0
5377,51038244.0
5378,8357178.5
5379,21695910.0
5380,73580184.0
5381,69480390.0
5382,82480344.0
5383,8357178.5
5384,208464060.0
5385,125643624.0
5386,34497676.0
5387,16224320.0
5388,199660530.0
5389,36311004.0
5390,50983410.0
5391,30967568.0
5392,8357178.5
5393,17171946.0
5394,45149836.0
5395,28839292.0
5396,111216940.0
5397,9039572.0
5398,22311704.0
5399,4768777.0
5400,11338716.0
5401,161432980.0
5402,74340300.0
5403,76742830.0
5404,8357178.5
5405,149675570.0
5406,5528901.0
5407,200313010.0
5408,497216130.0
5409,113642520.0
5410,13396042.0
5411,37443636.0
5412,4768777.0
5413,12668544.0
5414,97405700.0
5415,76824670.0
5416,32043382.0
5417,87542200.0
5418,5528901.0
5419,5528901.0
5420,55613460.0
5421,54780316.0
5422,102904370.0
5423,152439550.0
5424,143580340.0
5425,26316440.0
5426,31549958.0
5427,10035916.0
5428,10280218.0
5429,75754780.0
5430,181081860.0
5431,50416964.0
5432,111633250.0
5433,21695910.0
5434,60727190.0
5435,15651236.0
5436,31794322.0
5437,44267136.0
5438,43092164.0
5439,5528901.0
5440,83619064.0
5441,17026130.0
5442,147175940.0
5443,95784856.0
5444,67784810.0
5445,67784810.0
5446,89761270.0
5447,28753538.0
5448,25900106.0
5449,89761270.0
5450,19896064.0
5451,33735750.0
5452,5528901.0
5453,179146770.0
5454,113445944.0
5455,44167864.0
5456,19521704.0
5457,59034680.0
5458,10280218.0
5459,10796040.0
5460,4768777.0
5461,5528901.0
5462,5528901.0
5463,853025500.0
5464,4768777.0
5465,32043382.0
5466,58297172.0
5467,80752776.0
5468,110183090.0
5469,4768777.0
5470,302511800.0
5471,107411390.0
5472,113114216.0
5473,20418720.0
5474,30609868.0
5475,68748420.0
5476,25312016.0
5477,26452906.0
5478,69809650.0
5479,96645576.0
5480,14551016.0
5481,17026130.0
5482,35636140.0
5483,38428116.0
5484,97405700.0
5485,9531948.0
5486,31399406.0
5487,622319600.0
5488,82944920.0
5489,75580504.0
5490,10035916.0
5491,149396830.0
5492,30087654.0
5493,25109376.0
5494,8357178.5
5495,29374256.0
5496,53790170.0
5497,26316440.0
5498,5528901.0
5499,97405700.0
5500,33113686.0
5501,22183370.0
5502,15952484.0
5503,28818182.0
5504,49839064.0
5505,5528901.0
5506,355079330.0
5507,45407460.0
5508,136099570.0
5509,124561130.0
5510,21792412.0
5511,13396042.0
5512,114288970.0
5513,4768777.0
5514,27961556.0
5515,15894992.0
5516,8357178.5
5517,282854880.0
5518,30087654.0
5519,178776820.0
5520,5528901.0
5521,24506670.0
5522,4768777.0
5523,382069440.0
5524,393483170.0
5525,40047228.0
5526,18147352.0
5527,10796040.0
5528,72478490.0
5529,8357178.5
5530,279912160.0
5531,5528901.0
5532,16307478.0
5533,102672840.0
5534,469090880.0
5535,5528901.0
5536,8357178.5
5537,21695910.0
5538,28753538.0
5539,187712400.0
5540,58376660.0
5541,186479360.0
5542,4768777.0
5543,21984290.0
5544,47241230.0
5545,5528901.0
5546,22708858.0
5547,16307478.0
5548,18663178.0
5549,58960788.0
5550,71994890.0
5551,17786254.0
5552,83288690.0
5553,63876724.0
5554,28753538.0
5555,42000310.0
5556,21497820.0
5557,12838442.0
5558,518487140.0
5559,8357178.5
5560,10796040.0
5561,13396042.0
5562,68229864.0
5563,5528901.0
5564,4768777.0
5565,20935786.0
5566,22311704.0
5567,15651236.0
5568,42182164.0
5569,74411624.0
5570,38256732.0
5571,128233544.0
5572,4768777.0
5573,148740850.0
5574,11040342.0
5575,114862040.0
5576,38538224.0
5577,45151116.0
5578,19896064.0
5579,18723270.0
5580,11660506.0
5581,27823144.0
5582,26316440.0
5583,63978852.0
5584,35038788.0
5585,27961556.0
5586,4768777.0
5587,22767838.0
5588,143344320.0
5589,102676600.0
5590,4768777.0
5591,59037708.0
5592,31371434.0
5593,31129126.0
5594,12635918.0
5595,31712242.0
5596,168795420.0
5597,10035916.0
5598,51038244.0
5599,17026130.0
5600,10035916.0
5601,50403548.0
5602,77584790.0
5603,5528901.0
5604,41675080.0
5605,145842370.0
5606,102498530.0
5607,46113636.0
5608,90444550.0
5609,20918370.0
5610,41240188.0
5611,46173416.0
5612,599196400.0
5613,29565634.0
5614,24634418.0
5615,74340300.0
5616,17786254.0
5617,336091680.0
5618,39501264.0
5619,82229380.0
5620,20935786.0
5621,74340300.0
5622,33737550.0
5623,29198564.0
5624,513578940.0
5625,4768777.0
5626,5528901.0
5627,89721020.0
5628,61762740.0
5629,272761950.0
5630,21695910.0
5631,84280340.0
5632,76530420.0
5633,30087654.0
5634,46748770.0
5635,76947890.0
5636,8357178.5
5637,11040342.0
5638,127677900.0
5639,28753538.0
5640,8357178.5
5641,78781660.0
5642,24820514.0
5643,10280218.0
5644,542219260.0
5645,108171510.0
5646,30590464.0
5647,14306710.0
5648,77584790.0
5649,8357178.5
5650,147836210.0
5651,45151116.0
5652,9039572.0
5653,113642520.0
5654,85070690.0
5655,83129440.0
5656,628472600.0
5657,10035916.0
5658,37855972.0
5659,30369002.0
5660,102897200.0
5661,12838442.0
5662,258411680.0
5663,26229122.0
5664,17786254.0
5665,81720220.0
5666,26887908.0
5667,40629284.0
5668,5528901.0
5669,12627972.0
5670,458614240.0
5671,29416676.0
5672,10796040.0
5673,90706130.0
5674,27532780.0
5675,10796040.0
5676,4768777.0
5677,79678770.0
5678,97405700.0
5679,5528901.0
5680,25596836.0
5681,947023900.0
5682,8357178.5
5683,449845820.0
5684,95892900.0
5685,34497676.0
5686,5528901.0
5687,65776424.0
5688,24634418.0
5689,44972584.0
5690,10035916.0
5691,79992660.0
5692,526104420.0
5693,35038788.0
5694,53798870.0
5695,11040342.0
5696,40906290.0
5697,5528901.0
5698,17903054.0
5699,10796040.0
5700,78781660.0
5701,17786254.0
5702,55592336.0
5703,71694450.0
5704,52796880.0
5705,22311704.0
5706,4768777.0
5707,47722870.0
5708,20376598.0
5709,23633278.0
5710,10280218.0
5711,26963050.0
5712,155215570.0
5713,21790858.0
5714,11040342.0
5715,18663178.0
5716,3695127.0
5717,20044876.0
5718,12635918.0
5719,34496308.0
5720,20646308.0
5721,101104376.0
5722,5625404.5
5723,67337384.0
5724,5528901.0
5725,4768777.0
5726,78781660.0
5727,166210180.0
5728,33077666.0
5729,214864290.0
5730,12668544.0
5731,5528901.0
5732,3695127.0
5733,11562270.0
5734,34310210.0
5735,16767280.0
5736,283502850.0
5737,70479624.0
5738,109715370.0
5739,13630684.0
5740,23414492.0
5741,149274510.0
5742,50851892.0
5743,35117460.0
5744,3695127.0
5745,16224320.0
5746,51378012.0
5747,5528901.0
5748,121960540.0
5749,53813470.0
5750,88333700.0
5751,81209540.0
5752,13396042.0
5753,292955970.0
5754,28721680.0
5755,98672840.0
5756,32636796.0
5757,18663178.0
5758,8357178.5
5759,22183370.0
5760,8357178.5
5761,4768777.0
5762,196970660.0
5763,99270600.0
5764,6554346.0
5765,48272536.0
5766,40146164.0
5767,32229480.0
5768,22767838.0
5769,339681180.0
5770,23071828.0
5771,40685710.0
5772,21238056.0
5773,357615460.0
5774,82851940.0
5775,42000310.0
5776,41555300.0
5777,171956380.0
5778,132740570.0
5779,320384200.0
5780,5528901.0
5781,101118510.0
5782,59037708.0
5783,94237500.0
5784,10796040.0
5785,82956296.0
5786,20805000.0
5787,174928690.0
5788,4768777.0
5789,35256430.0
5790,115713800.0
5791,91904830.0
5792,16829406.0
5793,16767280.0
5794,86516780.0
5795,81328060.0
5796,23917858.0
5797,47722720.0
5798,5528901.0
5799,260368320.0
5800,4245603.5
5801,17903054.0
5802,4768777.0
5803,4768777.0
5804,482569340.0
5805,26202926.0
5806,17786254.0
5807,45149836.0
5808,60587304.0
5809,28721680.0
5810,5528901.0
5811,8357178.5
5812,95089144.0
5813,84048810.0
5814,8119246.5
5815,5528901.0
5816,8357178.5
5817,10035916.0
5818,31525324.0
5819,39763436.0
5820,17882756.0
5821,8357178.5
5822,5528901.0
5823,49916996.0
5824,45413292.0
5825,48066468.0
5826,13233060.0
5827,12417520.0
5828,304200420.0
5829,77771360.0
5830,59281650.0
5831,74340300.0
5832,43043096.0
5833,33988812.0
5834,58277584.0
5835,5528901.0
5836,97405700.0
5837,45149836.0
5838,4768777.0
5839,96614170.0
5840,4768777.0
5841,78531480.0
5842,60823692.0
5843,16767280.0
5844,16767280.0
5845,8357178.5
5846,17361272.0
5847,99996040.0
5848,59907470.0
5849,4768777.0
5850,55592336.0
5851,12627972.0
5852,5528901.0
5853,42600496.0
5854,26527320.0
5855,133378720.0
5856,22767838.0
5857,678969400.0
5858,4768777.0
5859,82229380.0
5860,117365150.0
5861,8357178.5
5862,11040342.0
5863,146097900.0
5864,420607300.0
5865,23414492.0
5866,18147352.0
5867,17786254.0
5868,40146164.0
5869,15651236.0
5870,8357178.5
5871,95089144.0
5872,194723100.0
5873,22293270.0
5874,5528901.0
5875,58960788.0
5876,63876724.0
5877,5528901.0
5878,107765670.0
5879,14471510.0
5880,103983330.0
5881,81372010.0
5882,226181600.0
5883,11040342.0
5884,58674936.0
5885,4768777.0
5886,31129126.0
5887,23504294.0
5888,18663178.0
5889,4768777.0
5890,63194176.0
5891,94742990.0
5892,18673802.0
5893,17026130.0
5894,114816620.0
5895,18147352.0
5896,138647680.0
5897,8357178.5
5898,58790348.0
5899,10035916.0
5900,17345448.0
5901,4768777.0
5902,12934946.0
5903,124625336.0
5904,53313076.0
5905,61783840.0
5906,90958140.0
5907,5528901.0
5908,74340300.0
5909,27578844.0
5910,141446530.0
5911,10578136.0
5912,332127680.0
5913,58200664.0
5914,18209916.0
5915,32933372.0
5916,59967068.0
5917,202235380.0
5918,83288690.0
5919,63109080.0
5920,6475584.5
5921,32155046.0
5922,11040342.0
5923,15651236.0
5924,23633278.0
5925,456059780.0
5926,8357178.5
5927,5528901.0
5928,73069970.0
5929,5625404.5
5930,64752744.0
5931,43507012.0
5932,8119246.5
5933,16224320.0
5934,93905990.0
5935,184414350.0
5936,94629960.0
5937,8119246.5
5938,16767280.0
5939,29041918.0
5940,132043300.0
5941,18723270.0
5942,94487240.0
5943,24843882.0
5944,45323924.0
5945,19862138.0
5946,4768777.0
5947,8357178.5
5948,108242824.0
5949,12078318.0
5950,235630450.0
5951,46496364.0
5952,5528901.0
5953,111706840.0
5954,30087654.0
5955,72964310.0
5956,90701850.0
5957,49224864.0
5958,107997200.0
5959,21238056.0
5960,15021598.0
5961,16767280.0
5962,10796040.0
5963,48176788.0
5964,90958140.0
5965,67193750.0
5966,35038788.0
5967,502530430.0
5968,105349290.0
5969,50787950.0
5970,20535680.0
5971,4768777.0
5972,33228694.0
5973,78847330.0
5974,5528901.0
5975,32638266.0
5976,8357178.5
5977,8357178.5
5978,1045717000.0
5979,9799696.0
5980,190242900.0
5981,12627972.0
5982,177401090.0
5983,5528901.0
5984,32443640.0
5985,97405700.0
5986,5528901.0
5987,25662172.0
5988,64636850.0
5989,12417520.0
5990,157857600.0
5991,4768777.0
5992,36504496.0
5993,66287020.0
5994,8357178.5
5995,29960450.0
5996,24379704.0
5997,25900106.0
5998,395056540.0
5999,2214154.2
6000,16767280.0
6001,20158246.0
6002,29090076.0
6003,504395870.0
6004,47686908.0
6005,8357178.5
6006,14365624.0
6007,9206568.0
6008,13630684.0
6009,95713020.0
6010,58960788.0
6011,42433364.0
6012,19854158.0
6013,278109380.0
6014,11004670.0
6015,32189760.0
6016,29374256.0
6017,8119246.5
6018,54318464.0
6019,4768777.0
6020,8357178.5
6021,22708858.0
6022,10035916.0
6023,95390810.0
6024,5528901.0
6025,20935786.0
6026,151150290.0
6027,21038074.0
6028,142835740.0
6029,10035916.0
6030,291375550.0
6031,64084610.0
6032,8357178.5
6033,55569276.0
6034,8357178.5
6035,422037760.0
6036,8357178.5
6037,4768777.0
6038,5528901.0
6039,8119246.5
6040,65662292.0
6041,275622980.0
6042,5528901.0
6043,133632520.0
6044,23504294.0
6045,60939148.0
6046,8357178.5
6047,30639282.0
6048,19896064.0
6049,11562270.0
6050,11605334.0
6051,12417520.0
6052,68645850.0
6053,5528901.0
6054,5528901.0
6055,4768777.0
6056,49057936.0
6057,5528901.0
6058,48133396.0
6059,135244660.0
6060,65967852.0
6061,88562440.0
6062,11040342.0
6063,105485530.0
6064,5528901.0
6065,114652744.0
6066,47256490.0
6067,63452412.0
6068,5528901.0
6069,180287200.0
6070,150538770.0
6071,7246332.5
6072,35444360.0
6073,42517376.0
6074,5528901.0
6075,17786254.0
6076,90001290.0
6077,15547354.0
6078,90480510.0
6079,506052030.0
6080,5528901.0
6081,10796040.0
6082,9039572.0
6083,126421860.0
6084,25580638.0
6085,25900106.0
6086,12635918.0
6087,53813470.0
6088,17026130.0
6089,12838442.0
6090,305766430.0
6091,5528901.0
6092,10035916.0
6093,32933372.0
6094,132996790.0
6095,172466290.0
6096,10280218.0
6097,33205012.0
6098,28721680.0
6099,37234430.0
6100,45909960.0
6101,178481380.0
6102,67971464.0
6103,109908390.0
6104,5528901.0
6105,16167520.0
6106,4768777.0
6107,5528901.0
6108,77914170.0
6109,53665176.0
6110,77584790.0
6111,3695127.0
6112,2214154.2
6113,21238056.0
6114,93540550.0
6115,136065460.0
6116,8357178.5
6117,46757484.0
6118,59057290.0
6119,140174460.0
6120,47963910.0
6121,12635918.0
6122,113638696.0
6123,10035916.0
6124,16224320.0
6125,12627972.0
6126,34403204.0
6127,15125748.0
6128,277685860.0
6129,5528901.0
6130,4245603.5
6131,15952484.0
6132,5528901.0
6133,31129126.0
6134,71780200.0
6135,50403548.0
6136,464267360.0
6137,109341910.0
6138,8357178.5
6139,1063751400.0
6140,20935786.0
6141,30207444.0
6142,4768777.0
6143,15651236.0
6144,26202926.0
6145,40447292.0
6146,38025204.0
6147,89329576.0
6148,23395344.0
6149,97405700.0
6150,483971200.0
6151,27274854.0
6152,1063961500.0
6153,4768777.0
6154,4768777.0
6155,105088870.0
6156,10796040.0
6157,32167004.0
6158,100013230.0
6159,18732936.0
6160,34052760.0
6161,24435396.0
6162,16767280.0
6163,4768777.0
6164,21695910.0
6165,49249280.0
6166,29751668.0
6167,34885144.0
6168,23746866.0
6169,59967068.0
6170,8119246.5
6171,20284660.0
6172,8357178.5
6173,14365624.0
6174,47335012.0
6175,27065670.0
6176,34497676.0
6177,84048810.0
6178,4768777.0
6179,199610380.0
6180,64937910.0
6181,31914396.0
6182,457343780.0
6183,44972584.0
6184,955627840.0
6185,21038074.0
6186,31399406.0
6187,15651236.0
6188,34233132.0
6189,24843882.0
6190,142912110.0
6191,15651236.0
6192,88774340.0
6193,41268080.0
6194,4768777.0
6195,5528901.0
6196,50009404.0
6197,10796040.0
6198,101204310.0
6199,703908100.0
6200,8357178.5
6201,10035916.0
6202,125881860.0
6203,592139700.0
6204,16767280.0
6205,5528901.0
6206,52287630.0
6207,72903650.0
6208,38472144.0
6209,5528901.0
6210,3695127.0
6211,94329020.0
6212,11040342.0
6213,97601900.0
6214,36770896.0
6215,29825466.0
6216,34310210.0
6217,4768777.0
6218,8119246.5
6219,49457332.0
6220,4768777.0
6221,37900010.0
6222,8357178.5
6223,53813470.0
6224,54298856.0
6225,84280340.0
6226,10280218.0
6227,26187454.0
6228,8357178.5
6229,5528901.0
6230,4768777.0
6231,94854104.0
6232,12635918.0
6233,176853820.0
6234,33422658.0
6235,42314056.0
6236,37151020.0
6237,16411820.0
6238,14891112.0
6239,161546960.0
6240,154162130.0
6241,5715460.5
6242,8119246.5
6243,19205854.0
6244,70479624.0
6245,5528901.0
6246,10796040.0
6247,678238300.0
6248,17882756.0
6249,13817462.0
6250,51527508.0
6251,109582180.0
6252,31549958.0
6253,22026596.0
6254,162387330.0
6255,8357178.5
6256,20402008.0
6257,108721460.0
6258,5528901.0
6259,5528901.0
6260,12078318.0
6261,94301520.0
6262,18723270.0
6263,64184770.0
6264,8357178.5
6265,16307478.0
6266,10280218.0
6267,106425650.0
6268,5528901.0
6269,163317340.0
6270,125881860.0
6271,236695200.0
6272,17306920.0
6273,49358588.0
6274,210464400.0
6275,46178836.0
6276,18147352.0
6277,30706238.0
6278,13492546.0
6279,26316440.0
6280,41347440.0
6281,11040342.0
6282,275384740.0
6283,33473008.0
6284,115450230.0
6285,49123470.0
6286,8357178.5
6287,18147352.0
6288,185032260.0
6289,181081860.0
6290,8357178.5
6291,74340300.0
6292,185840590.0
6293,405539940.0
6294,12838442.0
6295,390339100.0
6296,8357178.5
6297,39960070.0
6298,8357178.5
6299,8357178.5
6300,104656056.0
6301,40047228.0
6302,5528901.0
6303,17786254.0
6304,24634418.0
6305,127343496.0
6306,57914812.0
6307,4768777.0
6308,8357178.5
6309,4768777.0
6310,38326810.0
6311,5528901.0
6312,5528901.0
6313,31081062.0
6314,43507012.0
6315,22708858.0
6316,49057936.0
6317,179813460.0
6318,67416070.0
6319,50767136.0
6320,5528901.0
6321,153886450.0
6322,35526250.0
6323,34278664.0
6324,10578136.0
6325,70582190.0
6326,17026130.0
6327,18147352.0
6328,50209544.0
6329,4768777.0
6330,4768777.0
6331,98352380.0
6332,5528901.0
6333,18147352.0
6334,10035916.0
6335,72540320.0
6336,48367764.0
6337,91904830.0
6338,4768777.0
6339,42742140.0
6340,8357178.5
6341,5528901.0
6342,22708858.0
6343,50767136.0
6344,52024250.0
6345,23504294.0
6346,171038290.0
6347,95647896.0
6348,28753538.0
6349,35256430.0
6350,8357178.5
6351,156103780.0
6352,78913230.0
6353,5625404.5
6354,4768777.0
6355,5528901.0
6356,26027666.0
6357,14306710.0
6358,8357178.5
6359,8357178.5
6360,5625404.5
6361,229285800.0
6362,15547354.0
6363,18105572.0
6364,28753538.0
6365,139519980.0
6366,16307478.0
6367,16767280.0
6368,46178836.0
6369,31399406.0
6370,141019090.0
6371,18663178.0
6372,70381510.0
6373,4768777.0
6374,21162132.0
6375,147941470.0
6376,12078318.0
6377,14891112.0
6378,12417520.0
6379,204935280.0
6380,18147352.0
6381,706669440.0
6382,58960788.0
6383,42314056.0
6384,77584790.0
6385,15651236.0
6386,356072770.0
6387,12635918.0
6388,4768777.0
6389,5528901.0
6390,61990452.0
6391,16475474.0
6392,52282868.0
6393,198912860.0
6394,228783280.0
6395,5528901.0
6396,8357178.5
6397,12668544.0
6398,41555300.0
6399,5528901.0
6400,42742140.0
6401,8357178.5
6402,22708858.0
6403,10035916.0
6404,43982150.0
6405,3695127.0
6406,4245603.5
6407,29825466.0
6408,28679770.0
6409,78781660.0
6410,21038074.0
6411,5528901.0
6412,16597918.0
6413,51283190.0
6414,616021600.0
6415,5528901.0
6416,11040342.0
6417,107005550.0
6418,74243700.0
6419,28052790.0
6420,65769348.0
6421,42044740.0
6422,5528901.0
6423,21695910.0
6424,67047140.0
6425,53790170.0
6426,13396042.0
6427,4768777.0
6428,5528901.0
6429,23842576.0
6430,91243400.0
6431,115450230.0
6432,125101280.0
6433,34278664.0
6434,21178844.0
6435,65732560.0
6436,76947890.0
6437,28753538.0
6438,50851080.0
6439,30731644.0
6440,72540320.0
6441,22708858.0
6442,18712346.0
6443,66480930.0
6444,4768777.0
6445,408285380.0
6446,283459700.0
6447,24843882.0
6448,4768777.0
6449,28468616.0
6450,20805000.0
6451,12838442.0
6452,70582190.0
6453,90958140.0
6454,39339800.0
6455,25900106.0
6456,8357178.5
6457,128111576.0
6458,10035916.0
6459,29565634.0
6460,108721460.0
6461,91343330.0
6462,194924200.0
6463,8357178.5
6464,13615228.0
6465,27765644.0
6466,23678510.0
6467,15125748.0
6468,8357178.5
6469,13396042.0
6470,4768777.0
6471,5528901.0
6472,21782834.0
6473,22007714.0
6474,8357178.5
6475,10035916.0
6476,283170800.0
6477,75197600.0
6478,19171494.0
6479,334777100.0
6480,71694450.0
6481,72604530.0
6482,4768777.0
6483,12018478.0
6484,161811470.0
6485,107857000.0
6486,5528901.0
6487,107613930.0
6488,37846780.0
6489,8357178.5
6490,10796040.0
6491,26772656.0
6492,16688312.0
6493,39687170.0
6494,148529660.0
6495,37900010.0
6496,301380450.0
6497,295111520.0
6498,75580504.0
6499,27827514.0
6500,12417520.0
6501,2214154.2
6502,109582180.0
6503,35038788.0
6504,10035916.0
6505,20044876.0
6506,10035916.0
6507,24843882.0
6508,109749630.0
6509,20676018.0
6510,4768777.0
6511,28753538.0
6512,17887674.0
6513,25109376.0
6514,8357178.5
6515,338515170.0
6516,46178836.0
6517,12078318.0
6518,9206568.0
6519,55512224.0
6520,8119246.5
6521,355316600.0
6522,53053348.0
6523,58376660.0
6524,31683514.0
6525,57541024.0
6526,344562270.0
6527,5528901.0
6528,16224320.0
6529,15651236.0
6530,96544980.0
6531,4768777.0
6532,30975486.0
6533,4768777.0
6534,635490400.0
6535,8357178.5
6536,33205012.0
6537,76693460.0
6538,40146164.0
6539,141687090.0
6540,120008450.0
6541,106337736.0
6542,57251444.0
6543,4768777.0
6544,29616392.0
6545,31549958.0
6546,448234400.0
6547,4768777.0
6548,58711724.0
6549,91904830.0
6550,37260740.0
6551,77584790.0
6552,25406934.0
6553,5528901.0
6554,39501264.0
6555,26745142.0
6556,58893420.0
6557,34497676.0
6558,93073440.0
6559,89698390.0
6560,326670980.0
6561,5528901.0
6562,106298810.0
6563,15547354.0
6564,30731644.0
6565,28034978.0
6566,42000310.0
6567,17716086.0
6568,31129126.0
6569,8357178.5
6570,83288690.0
6571,22007714.0
6572,5528901.0
6573,40121370.0
6574,60409780.0
6575,16224320.0
6576,34278664.0
6577,8357178.5
6578,96472536.0
6579,10280218.0
6580,8357178.5
6581,64937910.0
6582,5528901.0
6583,10796040.0
6584,10035916.0
6585,96527920.0
6586,45078920.0
6587,31399406.0
6588,4768777.0
6589,43034144.0
6590,146150500.0
6591,35038788.0
6592,166221310.0
6593,86058460.0
6594,80154110.0
6595,5528901.0
6596,114690110.0
6597,5528901.0
6598,29825466.0
6599,18663178.0
6600,34497676.0
6601,99140790.0
6602,578043800.0
6603,57554760.0
6604,27708492.0
6605,132392740.0
6606,5528901.0
6607,71426310.0
6608,8357178.5
6609,4768777.0
6610,12934946.0
6611,10035916.0
6612,729569700.0
6613,86516780.0
6614,299921500.0
6615,9303862.0
6616,125881860.0
6617,77487440.0
6618,42314056.0
6619,12417520.0
6620,22708858.0
6621,69803830.0
6622,128233544.0
6623,283060480.0
6624,119580104.0
6625,107186460.0
6626,36657050.0
6627,65748624.0
6628,5528901.0
6629,24634418.0
6630,16767280.0
6631,12078318.0
6632,5528901.0
6633,17903054.0
6634,25312016.0
6635,10845210.0
6636,158804270.0
6637,58960788.0
6638,10796040.0
6639,15894992.0
6640,28839292.0
6641,175667700.0
6642,186722770.0
6643,8357178.5
6644,8357178.5
6645,44412970.0
6646,44838776.0
6647,10796040.0
6648,46173416.0
6649,6475584.5
6650,17786254.0
6651,33473008.0
6652,8357178.5
6653,35877584.0
6654,149850220.0
6655,47332624.0
6656,28375942.0
6657,90958140.0
6658,5528901.0
6659,5528901.0
6660,8357178.5
6661,4768777.0
6662,42096412.0
6663,388799800.0
6664,4768777.0
6665,4768777.0
6666,16767280.0
6667,144991340.0
6668,42680780.0
6669,15428786.0
6670,8357178.5
6671,38631410.0
6672,15651236.0
6673,78781660.0
6674,411338000.0
6675,97954230.0
6676,5528901.0
6677,4768777.0
6678,5528901.0
6679,381373380.0
6680,54898164.0
6681,790432500.0
6682,25109376.0
6683,59854504.0
6684,4768777.0
6685,20158246.0
6686,21695910.0
6687,83288690.0
6688,28721680.0
6689,112656770.0
6690,251947730.0
6691,10796040.0
6692,543208450.0
6693,65432160.0
6694,71137250.0
6695,42096412.0
6696,113440490.0
6697,8119246.5
6698,31549958.0
6699,284595200.0
6700,185267890.0
6701,52908150.0
6702,45909960.0
6703,17903054.0
6704,5528901.0
6705,49057936.0
6706,49057936.0
6707,41510216.0
6708,31399406.0
6709,8357178.5
6710,115912280.0
6711,19365948.0
6712,95892900.0
6713,12078318.0
6714,8357178.5
6715,4768777.0
6716,46016064.0
6717,270735400.0
6718,18381164.0
6719,18907476.0
6720,10796040.0
6721,81917500.0
6722,5528901.0
6723,115071660.0
6724,24286254.0
6725,3695127.0
6726,103843240.0
6727,20935786.0
6728,4768777.0
6729,18663178.0
6730,42182164.0
6731,8357178.5
6732,8357178.5
6733,120496110.0
6734,8357178.5
6735,127855800.0
6736,4768777.0
6737,12635918.0
6738,8357178.5
6739,20935786.0
6740,4768777.0
6741,5528901.0
6742,78375220.0
6743,82944920.0
6744,17026130.0
6745,10796040.0
6746,64636850.0
6747,21984290.0
6748,4768777.0
6749,4768777.0
6750,8357178.5
6751,25662172.0
6752,107005550.0
6753,17903054.0
6754,57127016.0
6755,3695127.0
6756,158046820.0
6757,77066760.0
6758,12635918.0
6759,89761270.0
6760,29416676.0
6761,52594356.0
6762,4768777.0
6763,33737550.0
6764,8357178.5
6765,214826690.0
6766,5528901.0
6767,26316440.0
6768,196777440.0
6769,19084598.0
6770,24634418.0
6771,12417520.0
6772,21695910.0
6773,12838442.0
6774,272167840.0
6775,389872100.0
6776,4768777.0
6777,49437670.0
6778,58960788.0
6779,31399406.0
6780,66272510.0
6781,14891112.0
6782,102051064.0
6783,36777612.0
6784,10796040.0
6785,72903650.0
6786,8357178.5
6787,17786254.0
6788,8357178.5
6789,4768777.0
6790,20935786.0
6791,45213820.0
6792,276096420.0
6793,63467790.0
6794,19632758.0
6795,4768777.0
6796,636064200.0
6797,33989756.0
6798,42000310.0
6799,4768777.0
6800,112894350.0
6801,267986200.0
6802,21695910.0
6803,155098200.0
6804,5528901.0
6805,56466276.0
6806,16224320.0
6807,72903650.0
6808,5528901.0
6809,57914812.0
6810,17026130.0
6811,64937910.0
6812,26202926.0
6813,102144250.0
6814,11040342.0
6815,30639282.0
6816,-17088908.0
6817,5528901.0
6818,5528901.0
6819,79438184.0
6820,64937910.0
6821,17786254.0
6822,27920136.0
6823,38931020.0
6824,139519980.0
6825,51283190.0
6826,31549958.0
6827,9206568.0
6828,8357178.5
6829,5625404.5
6830,21695910.0
6831,52271444.0
6832,33557920.0
6833,22767838.0
6834,11040342.0
6835,114288970.0
6836,10280218.0
6837,171239490.0
6838,16767280.0
6839,10796040.0
6840,21178844.0
6841,19003978.0
6842,17786254.0
6843,16767280.0
6844,78680960.0
6845,30639282.0
6846,65464428.0
6847,10035916.0
6848,17903054.0
6849,26229122.0
6850,97288260.0
6851,195956210.0
6852,10035916.0
6853,17026130.0
6854,34278664.0
6855,45149836.0
6856,4768777.0
6857,20918370.0
6858,16224320.0
6859,65234196.0
6860,14061218.0
6861,51774496.0
6862,42000310.0
6863,193353310.0
6864,10035916.0
6865,9799696.0
6866,111626340.0
6867,32389116.0
6868,1126173000.0
6869,38186760.0
6870,8357178.5
6871,55613460.0
6872,8357178.5
6873,43969052.0
6874,43888972.0
6875,6181477.5
6876,34233132.0
6877,28338968.0
6878,5528901.0
6879,29565634.0
6880,12635918.0
6881,3695127.0
6882,107939630.0
6883,56181096.0
6884,62925804.0
6885,18663178.0
6886,8357178.5
6887,34812884.0
6888,65769348.0
6889,12635918.0
6890,24843882.0
6891,82732536.0
6892,242446460.0
6893,199888860.0
6894,38256732.0
6895,8357178.5
6896,5528901.0
6897,4768777.0
6898,30087654.0
6899,16224320.0
6900,55387868.0
6901,39072516.0
6902,5528901.0
6903,51774496.0
6904,272922980.0
6905,65512388.0
6906,171385780.0
6907,27532780.0
6908,14891112.0
6909,8357178.5
6910,17903054.0
6911,20158246.0
6912,25580638.0
6913,721015740.0
6914,290634080.0
6915,15547354.0
6916,18907476.0
6917,1081295600.0
6918,111275040.0
6919,10796040.0
6920,102904370.0
6921,225935420.0
6922,28840462.0
6923,5528901.0
6924,5625404.5
6925,20284660.0
6926,15651236.0
6927,8357178.5
6928,40906290.0
6929,100233320.0
6930,154872450.0
6931,24634418.0
6932,27783032.0
6933,5528901.0
6934,111871600.0
6935,4768777.0
6936,22311704.0
6937,171385780.0
6938,8357178.5
6939,30639282.0
6940,132849040.0
6941,101384420.0
6942,20497222.0
6943,8357178.5
6944,115773176.0
6945,15066834.0
6946,83288690.0
6947,5528901.0
6948,23806348.0
6949,79597950.0
6950,388789280.0
6951,3695127.0
6952,24634418.0
6953,22293270.0
6954,26072140.0
6955,55385096.0
6956,10280218.0
6957,10035916.0
6958,4768777.0
6959,8357178.5
6960,79871064.0
6961,43982150.0
6962,168751950.0
6963,19572660.0
6964,48745530.0
6965,14891112.0
6966,63978852.0
6967,173889140.0
6968,12635918.0
6969,4768777.0
6970,31129126.0
6971,125277760.0
6972,5528901.0
6973,36823480.0
6974,48176788.0
6975,17786254.0
6976,27251430.0
6977,6554346.0
6978,12838442.0
6979,58711724.0
6980,31549958.0
6981,8357178.5
6982,65503612.0
6983,5528901.0
6984,123671760.0
6985,301157920.0
6986,27823144.0
6987,8357178.5
6988,22708858.0
6989,17379882.0
6990,316434750.0
6991,3695127.0
6992,8357178.5
6993,10845210.0
6994,4768777.0
6995,51302570.0
6996,96456820.0
6997,4768777.0
6998,28891768.0
6999,112377256.0
7000,4768777.0
7001,5528901.0
7002,8119246.5
7003,28753538.0
7004,63745580.0
7005,8357178.5
7006,8357178.5
7007,21792412.0
7008,102904370.0
7009,10796040.0
7010,54715800.0
7011,10578136.0
7012,6299649.0
7013,8357178.5
7014,3695127.0
7015,172193800.0
7016,225935420.0
7017,15066834.0
7018,11040342.0
7019,82677624.0
7020,72750990.0
7021,53665176.0
7022,27274854.0
7023,50398740.0
7024,17786254.0
7025,8357178.5
7026,288890080.0
7027,112250540.0
7028,8357178.5
7029,44742276.0
7030,52683790.0
7031,89698390.0
7032,17903054.0
7033,5625404.5
7034,18971228.0
7035,9799696.0
7036,11660506.0
7037,11040342.0
7038,23395344.0
7039,84570220.0
7040,22767838.0
7041,37846780.0
7042,80233980.0
7043,10280218.0
7044,31173612.0
7045,25556316.0
7046,84453880.0
7047,251947730.0
7048,15651236.0
7049,67784810.0
7050,5528901.0
7051,11040342.0
7052,97089770.0
7053,38457604.0
7054,71286820.0
7055,93069464.0
7056,294618980.0
7057,11040342.0
7058,9303862.0
7059,51483664.0
7060,21695910.0
7061,17786254.0
7062,49534264.0
7063,4768777.0
7064,163663540.0
7065,49057936.0
7066,8119246.5
7067,2214154.2
7068,45471404.0
7069,10035916.0
7070,138428740.0
7071,179774460.0
7072,4768777.0
7073,53783244.0
7074,9039572.0
7075,47428770.0
7076,96544980.0
7077,31399406.0
7078,73337970.0
7079,4768777.0
7080,15066834.0
7081,20044876.0
7082,12417520.0
7083,4768777.0
7084,30533934.0
7085,18147352.0
7086,5528901.0
7087,156299540.0
7088,99996040.0
7089,12635918.0
7090,16224320.0
7091,26452906.0
7092,342196260.0
7093,40906290.0
7094,45433668.0
7095,20935786.0
7096,52036756.0
7097,97405700.0
7098,43982150.0
7099,80438890.0
7100,16224320.0
7101,49839064.0
7102,4768777.0
7103,12668544.0
7104,31549958.0
7105,64268776.0
7106,31129126.0
7107,65994320.0
7108,32450490.0
7109,35579950.0
7110,4768777.0
7111,20676018.0
7112,141886670.0
7113,128565576.0
7114,24820514.0
7115,19896064.0
7116,22183370.0
7117,5528901.0
7118,20934066.0
7119,37088024.0
7120,5528901.0
7121,46016064.0
7122,2214154.2
7123,5528901.0
7124,555616960.0
7125,88782790.0
7126,344654500.0
7127,85385760.0
7128,18539208.0
7129,14250848.0
7130,12078318.0
7131,22293270.0
7132,31399406.0
7133,127343496.0
7134,57880290.0
7135,131918504.0
7136,48650570.0
7137,28881642.0
7138,10280218.0
7139,4768777.0
7140,173302450.0
7141,5528901.0
7142,27961556.0
7143,58297172.0
7144,8357178.5
7145,63876724.0
7146,4768777.0
7147,64937910.0
7148,54425300.0
7149,18970040.0
7150,8357178.5
7151,15066834.0
7152,81797560.0
7153,11811002.0
7154,45202036.0
7155,387960200.0
7156,22311704.0
7157,109053870.0
7158,4768777.0
7159,12635918.0
7160,8357178.5
7161,65404784.0
7162,387264260.0
7163,31399406.0
7164,4768777.0
7165,194924200.0
7166,25580638.0
7167,5528901.0
7168,4768777.0
7169,8357178.5
7170,41555300.0
7171,40447292.0
7172,20935786.0
7173,10796040.0
7174,16224320.0
7175,14433612.0
7176,18147352.0
7177,107953610.0
7178,57951600.0
7179,105088870.0
7180,4768777.0
7181,10280218.0
7182,77584790.0
7183,8357178.5
7184,1165886100.0
7185,10280218.0
7186,32229480.0
7187,142375570.0
7188,89790170.0
7189,48066468.0
7190,10280218.0
7191,5528901.0
7192,35636140.0
7193,26027666.0
7194,297859800.0
7195,30211470.0
7196,34278664.0
7197,13396042.0
7198,20935786.0
7199,28753538.0
7200,105931896.0
7201,8357178.5
7202,27133374.0
7203,4768777.0
7204,77826070.0
7205,279108860.0
7206,78781660.0
7207,369133120.0
7208,35117460.0
7209,20284660.0
7210,5528901.0
7211,4768777.0
7212,34594180.0
7213,24820514.0
7214,174781840.0
7215,110296300.0
7216,185917500.0
7217,5528901.0
7218,35033988.0
7219,44588644.0
7220,61088644.0
7221,24506670.0
7222,113438480.0
7223,4768777.0
7224,13817462.0
7225,8357178.5
7226,71620430.0
7227,98771990.0
7228,44742276.0
7229,35256430.0
7230,5528901.0
7231,25580638.0
7232,279108860.0
7233,202792900.0
7234,191848020.0
7235,43507012.0
7236,91102536.0
7237,22007714.0
7238,5528901.0
7239,798969340.0
7240,83507190.0
7241,125881860.0
7242,67614520.0
7243,18147352.0
7244,35038788.0
7245,5528901.0
7246,4768777.0
7247,62671084.0
7248,100187544.0
7249,5528901.0
7250,3695127.0
7251,51324760.0
7252,12078318.0
7253,17786254.0
7254,70971500.0
7255,4768777.0
7256,21695910.0
7257,38500068.0
7258,64937910.0
7259,12635918.0
7260,4768777.0
7261,459410020.0
7262,4768777.0
7263,77268856.0
7264,13630684.0
7265,21695910.0
7266,54795860.0
7267,5528901.0
7268,19896064.0
7269,82851940.0
7270,186877140.0
7271,5528901.0
7272,27708492.0
7273,9757044.0
7274,17786254.0
7275,24820514.0
7276,5528901.0
7277,138769660.0
7278,420994750.0
7279,129656460.0
7280,107411390.0
7281,32989608.0
7282,110078470.0
7283,148790990.0
7284,5528901.0
7285,78781660.0
7286,213616670.0
7287,20402008.0
7288,12838442.0
7289,95784856.0
7290,31129126.0
7291,25205878.0
7292,12417520.0
7293,21695910.0
7294,13396042.0
7295,82944920.0
7296,5528901.0
7297,34812884.0
7298,16224320.0
7299,8357178.5
7300,15952484.0
7301,37537736.0
7302,8357178.5
7303,5528901.0
7304,10280218.0
7305,5528901.0
7306,373281400.0
7307,4768777.0
7308,8357178.5
7309,20935786.0
7310,21695910.0
7311,22293270.0
7312,127343496.0
7313,221225360.0
7314,18663178.0
7315,16224320.0
7316,17882756.0
7317,20439596.0
7318,142337540.0
7319,17026130.0
7320,291948670.0
7321,4768777.0
7322,17786254.0
7323,49057936.0
7324,24872268.0
7325,190530350.0
7326,198620460.0
7327,24616460.0
7328,69817980.0
7329,123032080.0
7330,215998180.0
7331,86525340.0
7332,42600496.0
7333,123337260.0
7334,31399406.0
7335,71864160.0
7336,112678360.0
7337,24395378.0
7338,84116300.0
7339,69910350.0
7340,10035916.0
7341,5528901.0
7342,116122744.0
7343,4768777.0
7344,5528901.0
7345,14488782.0
7346,13396042.0
7347,15066834.0
7348,21695910.0
7349,107365780.0
7350,29006054.0
7351,43507012.0
7352,5528901.0
7353,23504294.0
7354,5528901.0
7355,47963910.0
7356,43034144.0
7357,10796040.0
7358,8119246.5
7359,93447210.0
7360,34310210.0
7361,5528901.0
7362,165867440.0
7363,757699300.0
7364,4768777.0
7365,47256490.0
7366,57880290.0
7367,52956336.0
7368,28753538.0
7369,49916996.0
7370,85111780.0
7371,5528901.0
7372,101738410.0
7373,435150800.0
7374,17786254.0
7375,71554150.0
7376,5528901.0
7377,43600780.0
7378,146213340.0
7379,90028880.0
7380,24286254.0
7381,23504294.0
7382,10796040.0
7383,8357178.5
7384,43982150.0
7385,53813470.0
7386,47471544.0
7387,5528901.0
7388,22183370.0
7389,4768777.0
7390,8357178.5
7391,10280218.0
7392,27708492.0
7393,636486340.0
7394,97405700.0
7395,34714870.0
7396,46507316.0
7397,119559230.0
7398,20935786.0
